{"cameraMode":{"drawMode":0,"name":"Shaded","section":"Shading Mode"},"sceneLighting":false,"audioPlay":false,"sceneViewState":{"m_AlwaysRefresh":false,"showFog":true,"showSkybox":false,"showFlares":true,"showImageEffects":true,"showParticleSystems":true,"showVisualEffectGraphs":true,"m_FxEnabled":true},"in2DMode":false,"pivot":{"x":0.8989721536636353,"y":0.6391644477844238,"z":-1.1810007095336915},"rotation":{"x":-0.030312368646264077,"y":-0.6968793869018555,"z":0.02950042299926281,"w":-0.7159481644630432},"size":0.7192716002464294,"orthographic":true}