{"cameraMode":{"drawMode":0,"name":"Shaded","section":"Shading Mode"},"sceneLighting":false,"audioPlay":false,"sceneViewState":{"showFog":true,"showMaterialUpdate":false,"showSkybox":false,"showFlares":true,"showImageEffects":true,"showParticleSystems":true},"in2DMode":false,"pivot":{"x":0.0,"y":1.4494998455047608,"z":0.04999995231628418},"rotation":{"x":0.11567046493291855,"y":0.717376708984375,"z":0.12278538942337036,"w":-0.6759545803070068},"size":4.874164581298828,"orthographic":true}