{"cameraMode":{"drawMode":0,"name":"Shaded","section":"Shading Mode"},"sceneLighting":true,"audioPlay":false,"sceneViewState":{"showFog":true,"showMaterialUpdate":false,"showSkybox":true,"showFlares":true,"showImageEffects":true,"showParticleSystems":true},"in2DMode":false,"pivot":{"x":0.0,"y":3.746652126312256,"z":-12.585000991821289},"rotation":{"x":-0.028429927304387094,"y":0.7113757729530335,"z":-0.028827831149101259,"w":-0.7016447186470032},"size":9.280126571655274,"orthographic":true}