{"cameraMode":{"drawMode":0,"name":"Shaded","section":"Shading Mode"},"sceneLighting":false,"audioPlay":false,"sceneViewState":{"showFog":true,"showMaterialUpdate":false,"showSkybox":false,"showFlares":true,"showImageEffects":true,"showParticleSystems":true},"in2DMode":false,"pivot":{"x":0.23095703125,"y":1.4124526977539063,"z":0.1364930272102356},"rotation":{"x":-0.003241010010242462,"y":-0.6940451860427856,"z":-0.0031219448428601028,"w":0.7199174165725708},"size":4.539055824279785,"orthographic":true}